{"cameraMode":{"drawMode":0,"name":"Shaded","section":"Shading Mode"},"sceneLighting":true,"audioPlay":false,"sceneViewState":{"m_AlwaysRefresh":false,"showFog":true,"showSkybox":true,"showFlares":true,"showImageEffects":true,"showParticleSystems":true,"showVisualEffectGraphs":true,"m_FxEnabled":false},"in2DMode":false,"pivot":{"x":4.977379322052002,"y":-0.13987213373184205,"z":4.413043975830078},"rotation":{"x":-0.14163167774677277,"y":-0.38632339239120486,"z":0.06017003953456879,"w":-0.9094158411026001},"size":7.0550384521484379,"orthographic":false}